Entry,ID,Na,Al,Si,H2O,Si source,Si precursor sizs (nm),Pre-dissolution of Si,Al source,Pre-dissolution of Al,Clear solution after mixing,Si/OH,Si/Al,Time (h),Temperature (°C),Morphology,Product Si/Al,SBET (m2/g),Sexternal (m2/g),Vmicro (cm3/g),pH,Product ,Unnamed: 23
1,EP01,36.9,2.0,5.15,450,Fumed silica,,No,Al(OH)3,No,No,0.13956639566395665,2.575,72.0,40,,,,,,,EMT+RHO,
2,EP02,36.9,2.0,5.15,450,Na2SiO3,2.0,Yes,NaAlO2,Yes,Yes,0.13956639566395665,2.575,72.0,40,nanocrystal,1.12,563.72,187.73,0.16,13.47,EMT,
3,EP03,36.9,2.0,5.15,250,Na2SiO3,2.0,Yes,NaAlO2,Yes,No,0.13956639566395665,2.575,72.0,40,,,,,,,EMT+SOD,
4,EP04,10.3,2.0,5.15,450,Na2SiO3,2.0,Yes,NaAlO2,Yes,No,0.5,2.575,72.0,40,,,,,,13.2,Amorphous,
5,EP05,6.04,2.0,5.15,450,Na2SiO3,2.0,Yes,NaAlO2,Yes,No,0.8526490066225166,2.575,72.0,40,,,,,,12.93,Amorphous,
6,EP06,9.23,2.0,5.15,450,Na2SiO3,2.0,Yes,NaAlO2,Yes,No,0.5579631635969664,2.575,72.0,40,,,,,,13.24,Amorphous,
7,EP07,73.8,2.0,5.15,450,Na2SiO3,2.0,Yes,NaAlO2,Yes,Yes,0.06978319783197832,2.575,72.0,40,,,,,,13.06,84% LTA+ 16% RHO,xx% mass percentage 
8,EP08,110.7,2.0,5.15,450,Na2SiO3,2.0,Yes,NaAlO2,Yes,Yes,0.04652213188798555,2.575,72.0,40,,,,,,11.28,Solution,no precipitation 
9,EP09,36.9,2.0,5.15,450,Na2SiO3,2.0,Yes,NaAlO2,Yes,Yes,0.13956639566395665,2.575,72.0,40,nanocrystal,1.12,563.72,187.73,0.16,13.47,EMT,
10,EP10,36.9,0.2,5.15,450,Na2SiO3,2.0,Yes,NaAlO2,Yes,Yes,0.13956639566395665,25.75,72.0,40,,,,,,13.64,solution,
11,EP11,36.9,1.0,5.15,450,Na2SiO3,2.0,Yes,NaAlO2,Yes,Yes,0.13956639566395665,5.15,72.0,40,nanocrystal,1.1,737.17,223.12,0.21,13.53,EMT,
12,EP12,36.9,5.15,5.15,450,Na2SiO3,2.0,Yes,NaAlO2,Yes,No,0.13956639566395665,1.0,72.0,40,,,,,,13.54,89% LTA+11% EMT,
13,EP13,36.9,2.0,5.15,650,Na2SiO3,2.0,Yes,NaAlO2,Yes,Yes,0.13956639566395665,2.575,72.0,40,nanocrystal,,,,,13.64,EMT,
14,EP14,36.9,10.3,5.15,450,Na2SiO3,2.0,Yes,NaAlO2,Yes,No,0.13956639566395665,0.5,72.0,40,,,,,,13.71,LTA,
15,EP15,44.18,2.0,5.15,450,Fumed silica,,No,Al(OH)3,No,Yes,0.11656858306926211,2.575,72.0,40,nanocrystal,,,,,13.53,EMT,
16,EP16,36.9,0.5,5.15,450,Na2SiO3,2.0,Yes,NaAlO2,Yes,Yes,0.13956639566395665,10.3,72.0,40,,,,,,13.32,solution,
17,EP17,36.9,0.8,5.15,450,Na2SiO3,2.0,Yes,NaAlO2,Yes,Yes,0.13956639566395665,6.4375,72.0,40,nanocrystal,1.1,737.17,223.12,0.21,13.53,EMT,
18,EP18,36.9,1.5,5.15,450,Na2SiO3,2.0,Yes,NaAlO2,Yes,Yes,0.13956639566395665,3.4333333333333336,72.0,40,nanocrystal,1.1,617.74,204.84,0.17,13.45,EMT,
19,EP19,36.9,3.0,5.15,450,Na2SiO3,2.0,Yes,NaAlO2,Yes,No,0.13956639566395665,1.7166666666666668,72.0,40,,,,,,13.55,86% EMT+ 14%LTA,
20,EP20,36.9,4.0,5.15,450,Na2SiO3,2.0,Yes,NaAlO2,Yes,No,0.13956639566395665,1.2875,72.0,40,,,,,,13.58,62% EMT+ 38% LTA,
21,EP21,51.5,2.0,5.15,450,Na2SiO3,2.0,Yes,NaAlO2,Yes,Yes,0.1,2.575,72.0,40,,,,,,13.51,98% EMT+ 2% LTA,
22,EP22,48.0,2.0,5.15,450,Na2SiO3,2.0,Yes,NaAlO2,Yes,Yes,0.10729166666666667,2.575,72.0,40,nanocrystal,,,,,13.63,EMT,
23,EP23,40.0,2.0,5.15,450,Na2SiO3,2.0,Yes,NaAlO2,Yes,Yes,0.12875,2.575,72.0,40,nanocrystal,1.1,450.55,171.96,0.12,13.65,EMT,
24,EP24,34.0,2.0,5.15,450,Na2SiO3,2.0,Yes,NaAlO2,Yes,Yes,0.15147058823529413,2.575,72.0,40,nanocrystal,1.1,342.3,161.03,0.08,13.66,EMT,
25,EP25,32.0,2.0,5.15,450,Na2SiO3,2.0,Yes,NaAlO2,Yes,Yes,0.1609375,2.575,72.0,40,nanocrystal,1.12,509.04,160.02,0.14,13.7,EMT,
26,EP26,34.0,1.6,5.15,450,Na2SiO3,2.0,Yes,NaAlO2,Yes,Yes,0.15147058823529413,3.21875,72.0,40,nanocrystal,1.1,650.37,226.29,0.18,13.69,EMT,
27,EP27,34.0,1.0,5.15,450,Na2SiO3,2.0,Yes,NaAlO2,Yes,Yes,0.15147058823529413,5.15,72.0,40,nanocrystal,1.12,573.43,251.2,0.13,13.73,EMT,
28,EP28,36.9,2.4,4.0,450,Na2SiO3,2.0,Yes,NaAlO2,Yes,No,0.10840108401084012,1.6666666666666667,72.0,40,,,,,,13.74,56%LTA + 44% EMT,
29,EP29,36.9,2.7,5.0,450,Na2SiO3,2.0,Yes,NaAlO2,Yes,No,0.13550135501355015,1.8518518518518516,72.0,40,,,,,,13.74,64% EMT + 36% LTA,
30,EP30,36.9,1.0,4.0,450,Na2SiO3,2.0,Yes,NaAlO2,Yes,Yes,0.10840108401084012,4.0,72.0,40,nanocrystal,1.12,579.7,131.4,0.19,13.76,EMT,
31,EP31,36.9,0.5,7.2,450,Na2SiO3,2.0,Yes,NaAlO2,Yes,Yes,0.1951219512195122,14.4,72.0,40,,,,,,13.77,Solution,
32,EP32,36.9,1.8,6.5,450,Na2SiO3,2.0,Yes,NaAlO2,Yes,Yes,0.1761517615176152,3.611111111111111,72.0,40,nanocrystal,1.1,575.65,199.49,0.16,13.78,EMT,
33,EP33,36.9,1.0,6.5,450,Na2SiO3,2.0,Yes,NaAlO2,Yes,Yes,0.1761517615176152,6.5,72.0,40,nanocrystal,1.1,670.48,252.1,0.17,13.78,EMT,
34,EP34,36.9,0.5,6.0,450,Na2SiO3,2.0,Yes,NaAlO2,Yes,Yes,0.16260162601626016,12.0,72.0,40,,,,,,13.73,solution,
35,EP35,36.9,0.5,4.5,450,Na2SiO3,2.0,Yes,NaAlO2,Yes,Yes,0.12195121951219513,9.0,72.0,40,,,,,,13.74,Solution,
36,EP36,36.9,1.5,7.5,450,Na2SiO3,2.0,Yes,NaAlO2,Yes,Yes,0.2032520325203252,5.0,72.0,40,nanocrystal,1.1,487.42,171.67,0.13,13.74,EMT,
37,EP37,36.9,2.0,3.5,450,Na2SiO3,2.0,Yes,NaAlO2,Yes,No,0.0948509485094851,1.75,72.0,40,,,,,,13.74,79.5% EMT + 20.5% LTA,
38,EP38,36.9,1.0,3.5,450,Na2SiO3,2.0,Yes,NaAlO2,Yes,Yes,0.0948509485094851,3.5,72.0,40,nanocrystal,1.1,635.15,100.72,0.22,13.8,EMT,
39,EP39,36.9,0.5,3.5,450,Na2SiO3,2.0,Yes,NaAlO2,Yes,Yes,0.0948509485094851,7.0,72.0,40,,,,,,13.81,Solution,
40,EP40,36.9,2.5,6.8,450,Na2SiO3,2.0,Yes,NaAlO2,Yes,Yes,0.1842818428184282,2.7199999999999998,72.0,40,nanocrystal,1.1,629.91,209.5,0.17,13.85,EMT,
41,EP41,36.9,1.0,3.5,450,Na2SiO3,2.0,Yes,NaAlO2,Yes,No,0.0948509485094851,3.5,72.0,40,,,,,,13.8,LTA,
42,EP42,36.9,1.8,3.0,450,Na2SiO3,2.0,Yes,NaAlO2,Yes,No,0.08130081300813008,1.6666666666666665,72.0,40,,,,,,13.42,EMT+LTA,
43,EP43,36.9,1.0,7.8,450,Na2SiO3,2.0,Yes,NaAlO2,Yes,Yes,0.21138211382113822,7.8,72.0,40,nanocrystal,1.1,801.68,212.69,0.24,13.48,EMT,
44,EP44,36.9,3.0,6.0,450,Na2SiO3,2.0,Yes,NaAlO2,Yes,No,0.16260162601626016,2.0,72.0,40,,,,,,13.46,82%EMT+18%RHO,
45,EP45,36.9,2.0,8.4,450,Na2SiO3,2.0,Yes,NaAlO2,Yes,Yes,0.22764227642276424,4.2,72.0,40,nanocrystal,1.1,553.22,205.52,0.14,13.58,EMT,
46,EP46,36.9,0.3,3.0,450,Na2SiO3,2.0,Yes,NaAlO2,Yes,Yes,0.08130081300813008,10.0,72.0,40,,,,,,13.62,solution,
47,EP47,36.9,3.0,7.5,450,Na2SiO3,2.0,Yes,NaAlO2,Yes,Yes,0.2032520325203252,2.5,72.0,40,nanocrystal,1.1,570.43,208.42,0.15,13.63,EMT,
48,EP48,36.9,4.0,6.5,450,Na2SiO3,2.0,Yes,NaAlO2,Yes,No,0.1761517615176152,1.625,72.0,40,,,,,,13.68,EMT+LTA,
49,EP49,36.9,1.0,9.0,450,Na2SiO3,2.0,Yes,NaAlO2,Yes,Yes,0.24390243902439027,9.0,72.0,40,nanocrystal,1.1,567.01,164.41,0.17,13.68,EMT,
50,EP50,36.9,0.5,9.0,450,Na2SiO3,2.0,Yes,NaAlO2,Yes,Yes,0.24390243902439027,18.0,72.0,40,,,,,,13.64,Solution,
51,EP51,36.9,3.5,9.0,450,Na2SiO3,2.0,Yes,NaAlO2,Yes,Yes,0.24390243902439027,2.5714285714285716,72.0,40,nanocrystal,1.03,678.38,279.15,0.17,13.65,EMT,
52,EP52,36.9,0.5,10.0,450,Na2SiO3,2.0,Yes,NaAlO2,Yes,Yes,0.2710027100271003,20.0,72.0,40,,,,,,13.6,Solution,
53,EP53,36.9,1.5,9.5,450,Na2SiO3,2.0,Yes,NaAlO2,Yes,Yes,0.25745257452574527,6.333333333333333,72.0,40,,,,,,13.71,EMT + Amorphous,
54,EP54,36.9,2.5,10.0,450,Na2SiO3,2.0,Yes,NaAlO2,Yes,Yes,0.2710027100271003,4.0,72.0,40,,1.05,573.66,279.17,0.12,13.7,EMT + Amorphous,
55,EP55,36.9,3.5,9.5,450,Na2SiO3,2.0,Yes,NaAlO2,Yes,Yes,0.25745257452574527,2.7142857142857144,72.0,40,,1.31,399.56,188.16,0.09,13.71,EMT + Amorphous,
56,EP56,36.9,2.5,8.5,450,Na2SiO3,2.0,Yes,NaAlO2,Yes,Yes,0.23035230352303523,3.4,72.0,40,nanocrystal,1.34,349.54,163.02,0.08,13.71,EMT,
57,EP57,36.9,1.0,12.0,450,Na2SiO3,2.0,Yes,NaAlO2,Yes,Yes,0.3252032520325203,12.0,72.0,40,,1.3,251.0,76.15,0.07,13.72,EMT + Amorphous,
58,EP58,36.9,1.0,15.0,450,Na2SiO3,2.0,Yes,NaAlO2,Yes,Yes,0.4065040650406504,15.0,72.0,40,,,,,,13.71,EMT + Amorphous,
59,EP59,36.9,2.5,12.5,450,Na2SiO3,2.0,Yes,NaAlO2,Yes,Yes,0.33875338753387535,5.0,72.0,40,nanocrystal,,,,,13.75,EMT,
60,EP60,36.9,3.5,11.5,450,Na2SiO3,2.0,Yes,NaAlO2,Yes,Yes,0.31165311653116534,3.2857142857142856,72.0,40,nanocrystal,1.1,465.15,218.96,0.1,13.73,EMT,
61,EP09L,36.9,2.0,5.15,450,Na2SiO3,2.0,Yes,NaAlO2,Yes,Yes,0.13956639566395665,2.575,72.0,35,,1.12,,,,13.472,EMT + Amorphous,
62,EP11L,36.9,1.0,5.15,450,Na2SiO3,2.0,Yes,NaAlO2,Yes,Yes,0.13956639566395665,5.15,72.0,35,nanocrystal,1.4,,,,13.585,EMT,
63,EP17L,36.9,0.8,5.15,450,Na2SiO3,2.0,Yes,NaAlO2,Yes,Yes,0.13956639566395665,6.4375,72.0,35,,1.4,,,,13.63,EMT + Amorphous,
64,EP18L,36.9,1.5,5.15,450,Na2SiO3,2.0,Yes,NaAlO2,Yes,Yes,0.13956639566395665,3.4333333333333336,72.0,35,,1.19,,,,13.63,EMT + Amorphous,
65,EP23L,40.0,2.0,5.15,450,Na2SiO3,2.0,Yes,NaAlO2,Yes,Yes,0.12875,2.575,72.0,35,,1.06,,,,13.631,Amorphous + EMT,
66,EP24L,34.0,2.0,5.15,450,Na2SiO3,2.0,Yes,NaAlO2,Yes,Yes,0.15147058823529413,2.575,72.0,35,,1.11,,,,13.645,EMT + Amorphous,
67,EP25L,32.0,2.0,5.15,450,Na2SiO3,2.0,Yes,NaAlO2,Yes,Yes,0.1609375,2.575,72.0,35,nanocrystal,1.4,,,,13.418,EMT,
68,EP26L,34.0,1.6,5.15,450,Na2SiO3,2.0,Yes,NaAlO2,Yes,Yes,0.15147058823529413,3.21875,72.0,35,,,,,,13.476,EMT + Amorphous,
69,EP27L,34.0,1.0,5.15,450,Na2SiO3,2.0,Yes,NaAlO2,Yes,Yes,0.15147058823529413,5.15,72.0,35,,,,,,13.48,EMT + Amorphous,
70,EP30L,36.9,1.0,4.0,450,Na2SiO3,2.0,Yes,NaAlO2,Yes,Yes,0.10840108401084012,4.0,72.0,35,nanocrystal,,,,,13.447,EMT,
71,EP32L,36.9,1.8,6.5,450,Na2SiO3,2.0,Yes,NaAlO2,Yes,Yes,0.1761517615176152,3.611111111111111,72.0,35,,,,,,13.519,EMT + Amorphous,
72,EP33L,36.9,1.0,6.5,450,Na2SiO3,2.0,Yes,NaAlO2,Yes,Yes,0.1761517615176152,6.5,72.0,35,,,,,,13.506,Amorphous,
73,EP36L,36.9,1.5,7.5,450,Na2SiO3,2.0,Yes,NaAlO2,Yes,Yes,0.2032520325203252,5.0,72.0,35,,,,,,13.533,EMT + Amorphous,
74,EP38L,36.9,1.0,3.5,450,Na2SiO3,2.0,Yes,NaAlO2,Yes,Yes,0.0948509485094851,3.5,72.0,35,,,,,,13.561,EMT + Amorphous,
75,EP40L,36.9,2.5,6.8,450,Na2SiO3,2.0,Yes,NaAlO2,Yes,Yes,0.1842818428184282,2.7199999999999998,72.0,35,,,,,,13.603,EMT + Amorphous,
76,EP43L,36.9,1.0,7.8,450,Na2SiO3,2.0,Yes,NaAlO2,Yes,Yes,0.21138211382113822,7.8,72.0,35,,,,,,,EMT + Amorphous,
77,EP45L,36.9,2.0,8.4,450,Na2SiO3,2.0,Yes,NaAlO2,Yes,Yes,0.22764227642276424,4.2,72.0,35,,,,,,,Amorphous,
78,EP47L,36.9,3.0,7.5,450,Na2SiO3,2.0,Yes,NaAlO2,Yes,Yes,0.2032520325203252,2.5,72.0,35,,,,,,,Amorphous + EMT,
79,EP49L,36.9,1.0,9.0,450,Na2SiO3,2.0,Yes,NaAlO2,Yes,Yes,0.24390243902439027,9.0,72.0,35,,,,,,,Amorphous + EMT,
80,EP51L,36.9,3.5,9.0,450,Na2SiO3,2.0,Yes,NaAlO2,Yes,Yes,0.24390243902439027,2.5714285714285716,72.0,35,,,,,,,Amorphous,
81,EP53L,36.9,1.5,9.5,450,Na2SiO3,2.0,Yes,NaAlO2,Yes,Yes,0.25745257452574527,6.333333333333333,72.0,35,,,,,,,Amorphous + EMT,
82,EP54L,36.9,2.5,10.0,450,Na2SiO3,2.0,Yes,NaAlO2,Yes,Yes,0.2710027100271003,4.0,72.0,35,,,,,,,Amorphous,
83,EP55L,36.9,3.5,9.5,450,Na2SiO3,2.0,Yes,NaAlO2,Yes,Yes,0.25745257452574527,2.7142857142857144,72.0,35,,,,,,,Amorphous,
84,EP56L,36.9,2.5,8.5,450,Na2SiO3,2.0,Yes,NaAlO2,Yes,Yes,0.23035230352303523,3.4,72.0,35,,,,,,,Amorphous + EMT,
85,EP57L,36.9,1.0,12.0,450,Na2SiO3,2.0,Yes,NaAlO2,Yes,Yes,0.3252032520325203,12.0,72.0,35,,,,,,,Amorphous,
86,EP60L,36.9,3.5,11.5,450,Na2SiO3,2.0,Yes,NaAlO2,Yes,Yes,0.31165311653116534,3.2857142857142856,72.0,35,,,,,,,Amorphous + EMT,
87,EP09H,36.9,2.0,5.15,450,Na2SiO3,2.0,Yes,NaAlO2,Yes,Yes,0.13956639566395665,2.575,72.0,45,nanocrystal,1.1,643.97,185.15,0.19,,EMT,
88,EP11H,36.9,1.0,5.15,450,Na2SiO3,2.0,Yes,NaAlO2,Yes,Yes,0.13956639566395665,5.15,72.0,45,nanocrystal,1.1,648.61,135.47,0.21,,EMT,
89,EP17H,36.9,0.8,5.15,450,Na2SiO3,2.0,Yes,NaAlO2,Yes,Yes,0.13956639566395665,6.4375,72.0,45,nanocrystal,1.1,554.97,132.25,0.18,,EMT,
90,EP18H,36.9,1.5,5.15,450,Na2SiO3,2.0,Yes,NaAlO2,Yes,Yes,0.13956639566395665,3.4333333333333336,72.0,45,nanocrystal,1.08,557.28,154.14,0.17,,EMT,
91,EP23H,40.0,2.0,5.15,450,Na2SiO3,2.0,Yes,NaAlO2,Yes,Yes,0.12875,2.575,72.0,45,nanocrystal,1.05,403.7,118.43,0.12,,EMT,
92,EP24H,34.0,2.0,5.15,450,Na2SiO3,2.0,Yes,NaAlO2,Yes,Yes,0.15147058823529413,2.575,72.0,45,nanocrystal,1.15,447.61,122.14,0.14,,EMT,
93,EP25H,32.0,2.0,5.15,450,Na2SiO3,2.0,Yes,NaAlO2,Yes,Yes,0.1609375,2.575,72.0,45,nanocrystal,1.1,500.24,124.34,0.16,,EMT,
94,EP26H,34.0,1.6,5.15,450,Na2SiO3,2.0,Yes,NaAlO2,Yes,Yes,0.15147058823529413,3.21875,72.0,45,nanocrystal,1.09,507.95,130.82,0.16,,EMT,
95,EP27H,34.0,1.0,5.15,450,Na2SiO3,2.0,Yes,NaAlO2,Yes,Yes,0.15147058823529413,5.15,72.0,45,nanocrystal,1.01,538.34,65.05,0.2,,EMT,
96,EP30H,36.9,1.0,4.0,450,Na2SiO3,2.0,Yes,NaAlO2,Yes,Yes,0.10840108401084012,4.0,72.0,45,nanocrystal,1.1,554.43,85.11,0.2,,EMT,
97,EP32H,36.9,1.8,6.5,450,Na2SiO3,2.0,Yes,NaAlO2,Yes,Yes,0.1761517615176152,3.611111111111111,72.0,45,nanocrystal,1.03,632.25,196.17,0.18,,EMT,
98,EP33H,36.9,1.0,6.5,450,Na2SiO3,2.0,Yes,NaAlO2,Yes,Yes,0.1761517615176152,6.5,72.0,45,nanocrystal,1.08,698.76,198.73,0.21,,EMT,
99,EP36H,36.9,1.5,7.5,450,Na2SiO3,2.0,Yes,NaAlO2,Yes,Yes,0.2032520325203252,5.0,72.0,45,nanocrystal,1.04,535.0,156.61,0.16,,EMT,
100,EP38H,36.9,1.0,3.5,450,Na2SiO3,2.0,Yes,NaAlO2,Yes,Yes,0.0948509485094851,3.5,72.0,45,nanocrystal,1.05,546.26,69.31,0.2,,EMT+LTA,
101,EP40H,36.9,2.5,6.8,450,Na2SiO3,2.0,Yes,NaAlO2,Yes,Yes,0.1842818428184282,2.7199999999999998,72.0,45,nanocrystal,1.04,528.39,166.65,0.15,,EMT,
102,EP43H,36.9,1.0,7.8,450,Na2SiO3,2.0,Yes,NaAlO2,Yes,Yes,0.21138211382113822,7.8,72.0,45,nanocrystal,1.29,408.15,103.13,0.13,,EMT,
103,EP45H,36.9,2.0,8.4,450,Na2SiO3,2.0,Yes,NaAlO2,Yes,Yes,0.22764227642276424,4.2,72.0,45,nanocrystal,1.12,478.23,143.21,0.14,,EMT,
104,EP47H,36.9,3.0,7.5,450,Na2SiO3,2.0,Yes,NaAlO2,Yes,Yes,0.2032520325203252,2.5,72.0,45,nanocrystal,1.02,,,,,EMT,
105,EP49H,36.9,1.0,9.0,450,Na2SiO3,2.0,Yes,NaAlO2,Yes,Yes,0.24390243902439027,9.0,72.0,45,nanocrystal,1.24,346.18,87.46,0.11,,EMT+RHO,
106,EP51H,36.9,3.5,9.0,450,Na2SiO3,2.0,Yes,NaAlO2,Yes,Yes,0.24390243902439027,2.5714285714285716,72.0,45,nanocrystal,1.08,547.21,206.71,0.14,,EMT + Amorphous,
107,EP53H,36.9,1.5,9.5,450,Na2SiO3,2.0,Yes,NaAlO2,Yes,Yes,0.25745257452574527,6.333333333333333,72.0,45,nanocrystal,,,,,,EMT,
108,EP54H,36.9,2.5,10.0,450,Na2SiO3,2.0,Yes,NaAlO2,Yes,Yes,0.2710027100271003,4.0,72.0,45,nanocrystal,,636.65,229.47,0.17,,EMT,
109,EP55H,36.9,3.5,9.5,450,Na2SiO3,2.0,Yes,NaAlO2,Yes,Yes,0.25745257452574527,2.7142857142857144,72.0,45,nanocrystal,,357.05,195.06,0.07,,EMT,
110,EP56H,36.9,2.5,8.5,450,Na2SiO3,2.0,Yes,NaAlO2,Yes,Yes,0.23035230352303523,3.4,72.0,45,nanocrystal,,,,,,EMT,
111,EP57H,36.9,1.0,12.0,450,Na2SiO3,2.0,Yes,NaAlO2,Yes,Yes,0.3252032520325203,12.0,72.0,45,,,,,,,Amorphous,
112,EP60H,36.9,3.5,11.5,450,Na2SiO3,2.0,Yes,NaAlO2,Yes,Yes,0.31165311653116534,3.2857142857142856,72.0,45,nanocrystal,,355.48,129.92,0.09,,EMT,
113,EP30H-0h,36.9,1.0,4.0,450,Na2SiO3,2.0,Yes,NaAlO2,Yes,Yes,0.10840108401084012,4.0,0.0,45,,,,,,13.46,Solution,
114,EP30H-3h,36.9,1.0,4.0,450,Na2SiO3,2.0,Yes,NaAlO2,Yes,Yes,0.10840108401084012,4.0,3.0,45,,1.07,,,,13.45,Amorphous,
115,EP30H-8.5h,36.9,1.0,4.0,450,Na2SiO3,2.0,Yes,NaAlO2,Yes,Yes,0.10840108401084012,4.0,8.5,45,,1.09,,,,13.49,Amorphous,
116,EP30H-13,36.9,1.0,4.0,450,Na2SiO3,2.0,Yes,NaAlO2,Yes,Yes,0.10840108401084012,4.0,13.0,45,,1.04,,,,13.67,Amorphous,
117,EP30H-16.5,36.9,1.0,4.0,450,Na2SiO3,2.0,Yes,NaAlO2,Yes,Yes,0.10840108401084012,4.0,16.5,45,,1.12,56.0,,0.02,13.52,Amorphous + EMT,
118,EP30H-20h,36.9,1.0,4.0,450,Na2SiO3,2.0,Yes,NaAlO2,Yes,Yes,0.10840108401084012,4.0,20.0,45,,1.07,193.0,,0.11,13.6,EMT + Amorphous,
119,EP30H-24h,36.9,1.0,4.0,450,Na2SiO3,2.0,Yes,NaAlO2,Yes,Yes,0.10840108401084012,4.0,24.0,45,nanocrystal,1.1,552.0,,0.18,13.52,EMT,
120,EP30H-48h,36.9,1.0,4.0,450,Na2SiO3,2.0,Yes,NaAlO2,Yes,Yes,0.10840108401084012,4.0,48.0,45,nanocrystal,,,,,,EMT,
121,EP30H-120h,36.9,1.0,4.0,450,Na2SiO3,2.0,Yes,NaAlO2,Yes,Yes,0.10840108401084012,4.0,120.0,45,nanocrystal,,,,,13.72,EMT,
122,EP30H-144h,36.9,1.0,4.0,450,Na2SiO3,2.0,Yes,NaAlO2,Yes,Yes,0.10840108401084012,4.0,144.0,45,nanocrystal,,,,,,EMT,
123,EP30H-384h,36.9,1.0,4.0,450,Na2SiO3,2.0,Yes,NaAlO2,Yes,Yes,0.10840108401084012,4.0,384.0,45,nanocrystal,1.0,,,,,EMT,
124,EP30H-10,36.9,1.0,4.0,450,Fumed silica,,No,Al(OH)3,No,No,0.10840108401084012,4.0,72.0,45,,1.0,,,,13.3,EMT + RHO,
125,EP30H-11,36.9,1.0,4.0,450,TEOS,5.0,No,Al(OH)3,No,No,0.10840108401084012,4.0,72.0,45,,,,,,13.3,EMT + LTA + RHO,
126,EP30H-12,36.9,1.0,4.0,450,Ludox-AS40,22.0,No,Al(OH)3,No,No,0.10840108401084012,4.0,72.0,45,,,,,,13.5,EMT + RHO,
127,EP30H-13,44.3,1.0,4.0,450,Fumed silica,,No,Al(OH)3,No,No,0.09029345372460497,4.0,72.0,45,nanocrystal,,,,,13.5,EMT,
128,EP30H-14+7.4 NaCl,36.9,1.0,4.0,450,Fumed silica,,No,Al(OH)3,No,No,0.10840108401084012,4.0,72.0,45,,,,,,13.3,EMT + SOD,
129,EP12-1,36.9,5.15,5.15,450,Ludox-AS40,22.0,No,Al(OH)3,No,No,0.13956639566395665,1.0,72.0,40,,,,,,13.9,EMT + LTA,
130,EP19-1,36.9,3.0,5.15,450,Ludox-AS40,22.0,No,Al(OH)3,No,No,0.13956639566395665,1.7166666666666668,72.0,40,,,,,,13.9,EMT + RHO,
131,EP01-1,36.9,2.0,5.15,450,Ludox-AS40,22.0,No,Al(OH)3,No,No,0.13956639566395665,2.575,72.0,40,,,,,,13.5,EMT + RHO,
132,EP11-1,36.9,1.0,5.15,450,Ludox-AS40,22.0,No,Al(OH)3,No,No,0.13956639566395665,5.15,72.0,40,,,,,,13.8,EMT + RHO,
133,EP61,42.44,2.0,5.15,450,Ludox-AS40,22.0,No,Al(OH)3,No,No,0.12134778510838833,2.575,72.0,40,,,,,,,EMT + RHO,
134,EP62,47.97,2.0,5.15,450,Ludox-AS40,22.0,No,Al(OH)3,No,No,0.10735876589535127,2.575,72.0,40,,,,,,,EMT + RHO,
135,EP63,36.9,2.0,5.15,450,Ludox-AS40,22.0,No,Al(OH)3,No,No,0.13956639566395665,2.575,48.0,30,nanocrystal,,,,,13.6,EMT,
136,FE01,11.0,2.0,5.0,190,Na2SiO3,2.0,Yes,Al(OH)3,Yes,No,0.45454545454545453,2.5,24.0,65,,,,,,,Amorphous,
137,FE02,11.0,2.0,5.0,190,Na2SiO3,2.0,Yes,Al(OH)3,Yes,No,0.45454545454545453,2.5,48.0,65,,,58.8,52.0,0.0,,Amorphous+FAU,
138,FE03,11.0,2.0,5.0,190,Na2SiO3,2.0,Yes,Al(OH)3,Yes,No,0.45454545454545453,2.5,72.0,65,hiearchical,1.3,573.5,100.3,0.2,,FAU-EMT,
139,FE04,11.0,2.0,5.0,190,Na2SiO3,2.0,Yes,Al(OH)3,Yes,No,0.45454545454545453,2.5,96.0,65,hiearchical,1.3,,,,,FAU-EMT,
140,FE05,11.0,2.0,5.0,190,Na2SiO3,2.0,Yes,Al(OH)3,Yes,No,0.45454545454545453,2.5,120.0,65,hiearchical,1.3,,,,,FAU-EMT,
141,FE06,11.0,2.0,5.0,190,Na2SiO3,2.0,Yes,Al(OH)3,Yes,No,0.45454545454545453,2.5,144.0,65,aggregates,,,,,,FAU-EMT + GIS,
142,FE07,11.0,2.0,5.0,190,Na2SiO3,2.0,Yes,Al(OH)3,Yes,No,0.45454545454545453,2.5,168.0,65,aggregates,,,,,,FAU-EMT + GIS,
143,FE08-1,11.0,2.0,5.0,190,Ludox-SM30,12.0,Yes,Al(OH)3,Yes,No,0.45454545454545453,2.5,24.0,65,,,,,,,Amorphous + FAU-EMT,
144,FE08-2,11.0,2.0,5.0,190,Ludox-SM30,12.0,Yes,Al(OH)3,Yes,No,0.45454545454545453,2.5,48.0,65,hiearchical,1.3,840.4,92.9,0.31,,FAU-EMT,
145,FE08-3,11.0,2.0,5.0,190,Ludox-SM30,12.0,Yes,Al(OH)3,Yes,No,0.45454545454545453,2.5,72.0,65,hiearchical,1.3,,,,,FAU-EMT,
146,FE08-4,11.0,2.0,5.0,190,Ludox-SM30,12.0,Yes,Al(OH)3,Yes,No,0.45454545454545453,2.5,96.0,65,,,,,,,FAU-EMT +GIS,
147,FE09-1,11.0,2.0,5.0,190,TEOS,5.0,Yes,Al(OH)3,Yes,No,0.45454545454545453,2.5,24.0,65,Cubic,1.0,,,,,LTA,
148,FE09-2,11.0,2.0,5.0,190,TEOS,5.0,Yes,Al(OH)3,Yes,No,0.45454545454545453,2.5,48.0,65,Cubic,1.0,,,,,LTA,
149,FE09-3,11.0,2.0,5.0,190,TEOS,5.0,Yes,Al(OH)3,Yes,No,0.45454545454545453,2.5,72.0,65,Cubic,1.0,,,,,LTA,
150,FE09-4,11.0,2.0,5.0,190,TEOS,5.0,Yes,Al(OH)3,Yes,No,0.45454545454545453,2.5,96.0,65,Cubic,1.0,,,,,LTA,
151,FE10-1,10.0,0.5,2.5,173,Na2SiO3,2.0,Yes,Al(OH)3,Yes,No,0.25,5.0,24.0,65,hiearchical,1.3,,,,,FAU-EMT,
152,FE10-2,10.0,0.5,2.5,173,Na2SiO3,2.0,Yes,Al(OH)3,Yes,No,0.25,5.0,48.0,65,hiearchical,1.3,,,,,FAU-EMT,
153,FE10-3,10.0,0.5,2.5,173,Na2SiO3,2.0,Yes,Al(OH)3,Yes,No,0.25,5.0,72.0,65,hiearchical,1.3,884.8,186.9,0.29,,FAU-EMT,
154,FE10-4,10.0,0.5,2.5,173,Na2SiO3,2.0,Yes,Al(OH)3,Yes,No,0.25,5.0,96.0,65,hiearchical,1.3,654.4,348.2,0.13,,FAU-EMT,
155,FE11-1,10.0,0.5,2.5,173,Ludox-SM30,12.0,Yes,Al(OH)3,Yes,No,0.25,5.0,24.0,65,,,,,,,amorphous,
156,FE11-2,10.0,0.5,2.5,173,Ludox-SM30,12.0,Yes,Al(OH)3,Yes,No,0.25,5.0,48.0,65,hiearchical,1.3,548.5,126.2,0.17,,FAU-EMT,
157,FE11-3,10.0,0.5,2.5,173,Ludox-SM30,12.0,Yes,Al(OH)3,Yes,No,0.25,5.0,72.0,65,hiearchical,1.3,,,,,FAU-EMT,
158,FE11-4,10.0,0.5,2.5,173,Ludox-SM30,12.0,Yes,Al(OH)3,Yes,No,0.25,5.0,96.0,65,hiearchical,1.3,,,,,FAU-EMT,
159,FE12-1,10.0,0.5,2.5,173,TEOS,5.0,Yes,Al(OH)3,Yes,No,0.25,5.0,24.0,65,Cubic,1.0,,,,,LTA,
160,FE12-2,10.0,0.5,2.5,173,TEOS,5.0,Yes,Al(OH)3,Yes,No,0.25,5.0,48.0,65,Cubic,1.0,,,,,LTA,
161,FE12-3,10.0,0.5,2.5,173,TEOS,5.0,Yes,Al(OH)3,Yes,No,0.25,5.0,72.0,65,Cubic,1.0,,,,,LTA,
162,FE12-4,10.0,0.5,2.5,173,TEOS,5.0,Yes,Al(OH)3,Yes,No,0.25,5.0,96.0,65,Cubic,1.0,,,,,LTA,
163,FE13,11.0,2.0,5.0,190,Na2SiO3,2.0,No,Al(OH)3,No,No,0.45454545454545453,2.5,24.0,65,,,,,,,amorphous,
164,FE14,11.0,2.0,5.0,190,Na2SiO3,2.0,No,Al(OH)3,No,No,0.45454545454545453,2.5,48.0,65,,,,,,,amorphous + FAU-EMT,
165,FE15,11.0,2.0,5.0,190,Na2SiO3,2.0,No,Al(OH)3,No,No,0.45454545454545453,2.5,72.0,65,,,575.6,98.8,0.2,,Amorphous + FAU-EMT,
166,FE16,11.0,2.0,5.0,190,Ludox-SM30,12.0,No,Al(OH)3,No,No,0.45454545454545453,2.5,24.0,65,,,,,,,amorphous,
167,FE17,11.0,2.0,5.0,190,Ludox-SM30,12.0,No,Al(OH)3,No,No,0.45454545454545453,2.5,48.0,65,,1.3,591.4,92.4,0.21,,FAU-EMT,
168,FE18,10.0,0.5,2.5,173,Na2SiO3,2.0,No,Al(OH)3,No,No,0.25,5.0,24.0,65,hiearchical,1.3,,,,,FAU-EMT,
169,FE19,10.0,0.5,2.5,173,Na2SiO3,2.0,No,Al(OH)3,No,No,0.25,5.0,48.0,65,hiearchical,1.3,,,,,FAU-EMT,
170,FE20,10.0,0.5,2.5,173,Na2SiO3,2.0,No,Al(OH)3,No,No,0.25,5.0,72.0,65,hiearchical,1.3,597.8,138.3,0.19,,FAU-EMT,
171,FE21,10.0,0.5,2.5,173,Ludox-SM30,12.0,No,Al(OH)3,No,No,0.25,5.0,24.0,65,,,,,,,amorphous,
172,FE22,10.0,0.5,2.5,173,Ludox-SM30,12.0,No,Al(OH)3,No,No,0.25,5.0,48.0,65,hiearchical,1.3,,,,,FAU-EMT,
173,FE24,10.0,1.0,5.0,173,Na2SiO3,2.0,Yes,Al(OH)3,Yes,No,0.5,5.0,48.0,65,,,,,,,amorphous,
174,FE25,10.0,1.0,5.0,173,Na2SiO3,2.0,Yes,Al(OH)3,Yes,No,0.5,5.0,72.0,65,,,50.8,22.2,0.01,,amorphous,
175,FE27,10.0,1.0,5.0,173,Ludox-SM30,12.0,Yes,Al(OH)3,Yes,No,0.5,5.0,48.0,65,aggregates,1.3,571.6,129.4,0.18,,FAU,
176,FE28,11.0,2.0,5.0,190,Na2SiO3,2.0,No,Al(OH)3,No,No,0.45454545454545453,2.5,24.0,65,,,,,,,amorphous,
177,FE29,11.0,2.0,5.0,190,Na2SiO3,2.0,No,Al(OH)3,No,No,0.45454545454545453,2.5,48.0,65,hiearchical,1.3,666.1,118.3,0.23,,FAU-EMT,
178,FE30,11.0,2.0,5.0,190,Na2SiO3,2.0,No,Al(OH)3,No,No,0.45454545454545453,2.5,72.0,65,hiearchical,,,,,,FAU-EMT + amorphous,
179,FE31,11.0,2.0,5.0,190,Ludox-SM30,12.0,No,Al(OH)3,No,No,0.45454545454545453,2.5,24.0,65,aggregates,1.3,,,,,FAU,
180,FE32,11.0,2.0,5.0,190,Ludox-SM30,12.0,No,Al(OH)3,No,No,0.45454545454545453,2.5,48.0,65,aggregates,1.3,,,,,FAU,
181,FE33,10.0,0.5,2.5,173,Na2SiO3,2.0,No,Al(OH)3,No,No,0.25,5.0,24.0,65,hiearchical,1.3,,,,,FAU-EMT,
182,FE34,10.0,0.5,2.5,173,Na2SiO3,2.0,No,Al(OH)3,No,No,0.25,5.0,48.0,65, aggregates,1.3,,,,,FAU + FAU-EMT,
183,FE35,10.0,0.5,2.5,173,Na2SiO3,2.0,No,Al(OH)3,No,No,0.25,5.0,72.0,65,aggregates,1.3,627.3,123.5,0.21,,FAU,
184,FE36,10.0,0.5,2.5,173,Ludox-SM30,12.0,No,Al(OH)3,No,No,0.25,5.0,24.0,65,aggregates,,,,,,amorphous + FAU-EMT,
185,FE37,10.0,0.5,2.5,173,Ludox-SM30,12.0,No,Al(OH)3,No,No,0.25,5.0,48.0,65,aggregates,,,,,,amorphous + FAU-EMT,
186,FE42,10.0,0.2,1.0,173,Na2SiO3,2.0,Yes,Al(OH)3,Yes,Yes,0.1,5.0,96.0,65,,,,,,,clear solution,
187,FE43,10.0,0.5,2.5,173,Na2SiO3,2.0,Yes,Al(OH)3,Yes,No,0.25,5.0,96.0,65,hiearchical,1.2,654.0,348.0,0.13,,FAU-EMT,
188,FE44,10.0,1.0,5.0,173,Na2SiO3,2.0,Yes,Al(OH)3,Yes,No,0.5,5.0,96.0,65,hiearchical,1.2,677.0,197.0,0.2,,FAU-EMT,
189,FE45,10.0,2.5,5.0,173,Na2SiO3,2.0,Yes,Al(OH)3,Yes,No,0.5,2.0,96.0,65,hiearchical,1.2,555.0,198.0,0.15,,FAU-EMT,
190,FE46,10.0,1.5,7.5,173,Na2SiO3,2.0,Yes,Al(OH)3,Yes,No,0.75,5.0,96.0,65,aggregates,,20.0,22.0,0.0,,amorphous + FAU-EMT,
191,FE47,10.0,1.25,2.5,173,Na2SiO3,2.0,Yes,Al(OH)3,Yes,No,0.25,2.0,96.0,65,hiearchical,1.2,610.0,153.0,0.19,,FAU-EMT,
192,FE48,10.0,0.5,2.5,173,Na2SiO3,2.0,Yes,Al(OH)3,Yes,No,0.25,5.0,48.0,85,hiearchical,1.2,718.1,86.4,0.26,,FAU-EMT,
193,FE49,10.0,0.5,2.5,173,Na2SiO3,2.0,Yes,Al(OH)3,Yes,No,0.25,5.0,48.0,100,hiearchical,1.3,867.0,109.0,0.31,,FAU-EMT,
194,FE50,10.0,0.5,2.5,173,Ludox-SM30,12.0,Yes,Al(OH)3,Yes,No,0.25,5.0,48.0,85,,,,,,,FAU+GIS,
195,FE51,10.0,0.5,2.5,173,Ludox-SM30,12.0,Yes,Al(OH)3,Yes,No,0.25,5.0,48.0,100,aggregates,,72.0,24.0,0.02,,SOD,
196,FE52,10.0,0.5,2.5,173,Ludox-AS40,22.0,Yes,Al(OH)3,Yes,No,0.25,5.0,48.0,85,aggregates,1.4,718.0,86.0,0.26,,FAU,
197,FE53,10.0,0.5,2.5,173,Ludox-AS40,22.0,Yes,Al(OH)3,Yes,No,0.25,5.0,48.0,100,aggregates,1.4,850.0,108.0,0.31,,FAU,
198,FE54,10.0,0.5,2.5,173,TEOS,5.0,Yes,Al(OH)3,Yes,No,0.25,5.0,48.0,85,aggregates,,,,,,GIS+LTA,
199,FE55,10.0,0.5,2.5,173,TEOS,5.0,Yes,Al(OH)3,Yes,No,0.25,5.0,48.0,100,aggregates,,,,,,SOD,
